date,type,year_cumsum,month_value,YoY_value
2014-11-01,Այլ աղբյուրներ,3.2,NA,NA
2014-12-01,Այլ աղբյուրներ,4,0.7999999999999998,NA
2015-01-01,Այլ աղբյուրներ,0.6,0.6,NA
2015-02-01,Այլ աղբյուրներ,1.1,0.5000000000000001,NA
2015-04-01,Այլ աղբյուրներ,1.7,0.5999999999999999,NA
2015-05-01,Այլ աղբյուրներ,1.8999999999999997,0.19999999999999973,NA
2015-06-01,Այլ աղբյուրներ,2.1,0.2000000000000004,NA
2015-07-01,Այլ աղբյուրներ,2.2,0.10000000000000009,NA
2015-08-01,Այլ աղբյուրներ,2.3,0.09999999999999964,NA
2015-11-01,Այլ աղբյուրներ,3.1,0.8000000000000003,NA
2015-12-01,Այլ աղբյուրներ,3.7,0.6000000000000001,NA
2016-01-01,Այլ աղբյուրներ,0.4,0.4,NA
2016-02-01,Այլ աղբյուրներ,0.6,0.19999999999999996,NA
2016-03-01,Այլ աղբյուրներ,0.6966666666666667,0.09666666666666668,NA
2016-04-01,Այլ աղբյուրներ,0.8,0.10333333333333339,NA
2016-05-01,Այլ աղբյուրներ,0.9,0.09999999999999998,NA
2016-06-01,Այլ աղբյուրներ,0.9,0,NA
2016-07-01,Այլ աղբյուրներ,0.9,0,NA
2016-08-01,Այլ աղբյուրներ,1,0.09999999999999998,NA
2016-09-01,Այլ աղբյուրներ,1.1684782608695652,0.1684782608695652,NA
2016-10-01,Այլ աղբյուրներ,1.3315217391304348,0.16304347826086962,NA
2016-11-01,Այլ աղբյուրներ,1.5,0.1684782608695652,NA
2016-12-01,Այլ աղբյուրներ,0.9098360655737704,-0.5901639344262296,NA
2017-01-01,Այլ աղբյուրներ,0.3000000000000001,0.3000000000000001,34.31633879781421
2017-02-01,Այլ աղբյուրներ,0.6,0.2999999999999999,30.126174863387984
2017-03-01,Այլ աղբյուրներ,NA,NA,NA
2017-04-01,Այլ աղբյուրներ,NA,NA,NA
2017-05-01,Այլ աղբյուրներ,NA,NA,NA
2017-06-01,Այլ աղբյուրներ,NA,NA,NA
2017-07-01,Այլ աղբյուրներ,NA,NA,NA
2017-08-01,Այլ աղբյուրներ,NA,NA,NA
2017-09-01,Այլ աղբյուրներ,NA,NA,NA
2017-10-01,Այլ աղբյուրներ,NA,NA,NA
2017-11-01,Այլ աղբյուրներ,NA,NA,NA
2017-12-01,Այլ աղբյուրներ,NA,NA,NA
2018-01-01,Այլ աղբյուրներ,NA,NA,NA
2018-02-01,Այլ աղբյուրներ,NA,NA,NA
2018-03-01,Այլ աղբյուրներ,NA,NA,NA
2018-04-01,Այլ աղբյուրներ,NA,NA,NA
2018-05-01,Այլ աղբյուրներ,NA,NA,NA
2018-06-01,Այլ աղբյուրներ,NA,NA,NA
2018-07-01,Այլ աղբյուրներ,NA,NA,NA
2018-08-01,Այլ աղբյուրներ,NA,NA,NA
2018-09-01,Այլ աղբյուրներ,NA,NA,NA
2018-10-01,Այլ աղբյուրներ,NA,NA,NA
2018-11-01,Այլ աղբյուրներ,NA,NA,NA
2018-12-01,Այլ աղբյուրներ,NA,NA,NA
2019-01-01,Այլ աղբյուրներ,NA,NA,NA
2019-02-01,Այլ աղբյուրներ,NA,NA,NA
2019-03-01,Այլ աղբյուրներ,NA,NA,NA
2019-04-01,Այլ աղբյուրներ,NA,NA,NA
2019-05-01,Այլ աղբյուրներ,NA,NA,NA
2019-06-01,Այլ աղբյուրներ,NA,NA,NA
2019-07-01,Այլ աղբյուրներ,NA,NA,NA
2019-08-01,Այլ աղբյուրներ,NA,NA,NA
2019-09-01,Այլ աղբյուրներ,NA,NA,NA
2019-10-01,Այլ աղբյուրներ,NA,NA,NA
2019-11-01,Այլ աղբյուրներ,NA,NA,NA
2019-12-01,Այլ աղբյուրներ,NA,NA,NA
2020-01-01,Այլ աղբյուրներ,NA,NA,NA
2020-02-01,Այլ աղբյուրներ,NA,NA,NA
2020-03-01,Այլ աղբյուրներ,NA,NA,NA
2020-04-01,Այլ աղբյուրներ,NA,NA,NA
2020-05-01,Այլ աղբյուրներ,NA,NA,NA
2020-06-01,Այլ աղբյուրներ,NA,NA,NA
2020-07-01,Այլ աղբյուրներ,NA,NA,NA
2020-08-01,Այլ աղբյուրներ,NA,NA,NA
2020-09-01,Այլ աղբյուրներ,NA,NA,NA
2020-10-01,Այլ աղբյուրներ,NA,NA,NA
2020-11-01,Այլ աղբյուրներ,NA,NA,NA
2020-12-01,Այլ աղբյուրներ,NA,NA,NA
2021-01-01,Այլ աղբյուրներ,NA,NA,NA
2021-02-01,Այլ աղբյուրներ,NA,NA,NA
2021-03-01,Այլ աղբյուրներ,NA,NA,NA
2021-04-01,Այլ աղբյուրներ,NA,NA,NA
2021-05-01,Այլ աղբյուրներ,NA,NA,NA
2021-06-01,Այլ աղբյուրներ,NA,NA,NA
2021-07-01,Այլ աղբյուրներ,NA,NA,NA
2021-08-01,Այլ աղբյուրներ,NA,NA,NA
2021-09-01,Այլ աղբյուրներ,NA,NA,NA
2021-10-01,Այլ աղբյուրներ,NA,NA,NA
2021-11-01,Այլ աղբյուրներ,NA,NA,NA
2021-12-01,Այլ աղբյուրներ,NA,NA,NA
2022-01-01,Այլ աղբյուրներ,NA,NA,NA
2022-02-01,Այլ աղբյուրներ,NA,NA,NA
2022-03-01,Այլ աղբյուրներ,NA,NA,NA
2022-04-01,Այլ աղբյուրներ,NA,NA,NA
2022-05-01,Այլ աղբյուրներ,NA,NA,NA
2022-06-01,Այլ աղբյուրներ,NA,NA,NA
2022-07-01,Այլ աղբյուրներ,NA,NA,NA
2022-08-01,Այլ աղբյուրներ,NA,NA,NA
2022-09-01,Այլ աղբյուրներ,NA,NA,NA
2022-10-01,Այլ աղբյուրներ,NA,NA,NA
2022-11-01,Այլ աղբյուրներ,NA,NA,NA
2022-12-01,Այլ աղբյուրներ,NA,NA,NA
2023-01-01,Այլ աղբյուրներ,NA,NA,NA
2023-02-01,Այլ աղբյուրներ,NA,NA,NA
2023-03-01,Այլ աղբյուրներ,NA,NA,NA
2023-04-01,Այլ աղբյուրներ,NA,NA,NA
2023-05-01,Այլ աղբյուրներ,NA,NA,NA
2023-06-01,Այլ աղբյուրներ,NA,NA,NA
2023-07-01,Այլ աղբյուրներ,NA,NA,NA
2023-08-01,Այլ աղբյուրներ,NA,NA,NA
2023-09-01,Այլ աղբյուրներ,NA,NA,NA
2023-10-01,Այլ աղբյուրներ,NA,NA,NA
2014-11-01,Արևային էլեկտրակայաններ,NA,NA,NA
2014-12-01,Արևային էլեկտրակայաններ,NA,NA,NA
2015-01-01,Արևային էլեկտրակայաններ,NA,NA,NA
2015-02-01,Արևային էլեկտրակայաններ,NA,NA,NA
2015-04-01,Արևային էլեկտրակայաններ,NA,NA,NA
2015-05-01,Արևային էլեկտրակայաններ,NA,NA,NA
2015-06-01,Արևային էլեկտրակայաններ,NA,NA,NA
2015-07-01,Արևային էլեկտրակայաններ,NA,NA,NA
2015-08-01,Արևային էլեկտրակայաններ,NA,NA,NA
2015-11-01,Արևային էլեկտրակայաններ,NA,NA,NA
2015-12-01,Արևային էլեկտրակայաններ,NA,NA,NA
2016-01-01,Արևային էլեկտրակայաններ,NA,NA,NA
2016-02-01,Արևային էլեկտրակայաններ,NA,NA,NA
2016-03-01,Արևային էլեկտրակայաններ,NA,NA,NA
2016-04-01,Արևային էլեկտրակայաններ,NA,NA,NA
2016-05-01,Արևային էլեկտրակայաններ,NA,NA,NA
2016-06-01,Արևային էլեկտրակայաններ,NA,NA,NA
2016-07-01,Արևային էլեկտրակայաններ,NA,NA,NA
2016-08-01,Արևային էլեկտրակայաններ,NA,NA,NA
2016-09-01,Արևային էլեկտրակայաններ,NA,NA,NA
2016-10-01,Արևային էլեկտրակայաններ,NA,NA,NA
2016-11-01,Արևային էլեկտրակայաններ,NA,NA,NA
2016-12-01,Արևային էլեկտրակայաններ,NA,NA,NA
2017-01-01,Արևային էլեկտրակայաններ,NA,NA,NA
2017-02-01,Արևային էլեկտրակայաններ,NA,NA,NA
2017-03-01,Արևային էլեկտրակայաններ,NA,NA,NA
2017-04-01,Արևային էլեկտրակայաններ,NA,NA,NA
2017-05-01,Արևային էլեկտրակայաններ,NA,NA,NA
2017-06-01,Արևային էլեկտրակայաններ,NA,NA,NA
2017-07-01,Արևային էլեկտրակայաններ,NA,NA,NA
2017-08-01,Արևային էլեկտրակայաններ,NA,NA,NA
2017-09-01,Արևային էլեկտրակայաններ,NA,NA,NA
2017-10-01,Արևային էլեկտրակայաններ,NA,NA,NA
2017-11-01,Արևային էլեկտրակայաններ,0.10000000000000002,NA,NA
2017-12-01,Արևային էլեկտրակայաններ,0.4,0.3,NA
2018-01-01,Արևային էլեկտրակայաններ,0.2,0.2,NA
2018-02-01,Արևային էլեկտրակայաններ,0.5,0.3,NA
2018-03-01,Արևային էլեկտրակայաններ,0.7,0.19999999999999996,NA
2018-04-01,Արևային էլեկտրակայաններ,1.2,0.5,NA
2018-05-01,Արևային էլեկտրակայաններ,1.5,0.30000000000000004,NA
2018-06-01,Արևային էլեկտրակայաններ,2,0.5,NA
2018-07-01,Արևային էլեկտրակայաններ,2.5,0.5,NA
2018-08-01,Արևային էլեկտրակայաններ,3.1,0.6000000000000001,NA
2018-09-01,Արևային էլեկտրակայաններ,3.8,0.6999999999999997,NA
2018-10-01,Արևային էլեկտրակայաններ,4.4,0.6000000000000005,NA
2018-11-01,Արևային էլեկտրակայաններ,4.8,0.39999999999999947,NA
2018-12-01,Արևային էլեկտրակայաններ,5.1,0.2999999999999998,NA
2019-01-01,Արևային էլեկտրակայաններ,0.6,0.6,NA
2019-02-01,Արևային էլեկտրակայաններ,1.3999999999999997,0.7999999999999997,NA
2019-03-01,Արևային էլեկտրակայաններ,2.3,0.9000000000000001,NA
2019-04-01,Արևային էլեկտրակայաններ,3.3999999999999995,1.0999999999999996,NA
2019-05-01,Արևային էլեկտրակայաններ,4.8,1.4000000000000004,NA
2019-06-01,Արևային էլեկտրակայաններ,6.1,1.2999999999999998,NA
2019-07-01,Արևային էլեկտրակայաններ,7.5,1.4000000000000004,NA
2019-08-01,Արևային էլեկտրակայաններ,9,1.5,NA
2019-09-01,Արևային էլեկտրակայաններ,10.2,1.1999999999999993,NA
2019-10-01,Արևային էլեկտրակայաններ,11.4,1.200000000000001,98
2019-11-01,Արևային էլեկտրակայաններ,12.4,1,105.59999999999998
2019-12-01,Արևային էլեկտրակայաններ,13.4,1,113.89999999999999
2020-01-01,Արևային էլեկտրակայաններ,1.1,1.1,122.30000000000001
2020-02-01,Արևային էլեկտրակայաններ,2.1,1,130.4
2020-03-01,Արևային էլեկտրակայաններ,3.5,1.4,138.3
2020-04-01,Արևային էլեկտրակայաններ,5,1.5,146
2020-05-01,Արևային էլեկտրակայաններ,6.8,1.7999999999999998,153
2020-06-01,Արևային էլեկտրակայաններ,8.700000000000001,1.9000000000000012,159.8
2020-07-01,Արևային էլեկտրակայաններ,10.7,1.9999999999999982,166.29999999999998
2020-08-01,Արևային էլեկտրակայաններ,12.800000000000002,2.100000000000003,172.5
2020-09-01,Արևային էլեկտրակայաններ,15,2.1999999999999975,179.2
2020-10-01,Արևային էլեկտրակայաններ,17.2,2.1999999999999993,186.3
2020-11-01,Արևային էլեկտրակայաններ,19.4,2.1999999999999993,193.99999999999997
2020-12-01,Արևային էլեկտրակայաններ,21.3,1.9000000000000021,201.9
2021-01-01,Արևային էլեկտրակայաններ,3.2,3.2,211.40000000000003
2021-02-01,Արևային էլեկտրակայաններ,8,4.8,224.5
2021-03-01,Արևային էլեկտրակայաններ,13.4,5.4,241.10000000000002
2021-04-01,Արևային էլեկտրակայաններ,21.3,7.9,263.70000000000005
2021-05-01,Արևային էլեկտրակայաններ,30.8,9.5,293.6
2021-06-01,Արևային էլեկտրակայաններ,40.6,9.8,330.79999999999995
2021-07-01,Արևային էլեկտրակայաններ,49.900000000000006,9.300000000000004,374.69999999999993
2021-08-01,Արևային էլեկտրակայաններ,59,9.099999999999994,424.99999999999994
2021-09-01,Արևային էլեկտրակայաններ,68.3,9.299999999999997,481.4
2021-10-01,Արևային էլեկտրակայաններ,76.2,7.900000000000006,542.5
2021-11-01,Արևային էլեկտրակայաններ,82.3,6.099999999999994,606.3
2021-12-01,Արևային էլեկտրակայաններ,89.6,7.299999999999997,674.6
2022-01-01,Արևային էլեկտրակայաններ,9.2,9.2,746.8000000000001
2022-02-01,Արևային էլեկտրակայաններ,21.5,12.3,822.7000000000002
2022-03-01,Արևային էլեկտրակայաններ,35.80000000000001,14.300000000000011,903.5000000000001
2022-04-01,Արևային էլեկտրակայաններ,54.30000000000001,18.5,988.5000000000001
2022-05-01,Արևային էլեկտրակայաններ,76.5,22.19999999999999,1078.5
2022-06-01,Արևային էլեկտրակայաններ,100.8,24.299999999999997,1175.1000000000001
2022-07-01,Արևային էլեկտրակայաններ,128.8,28.000000000000014,1283.1000000000001
2022-08-01,Արևային էլեկտրակայաններ,157.6,28.799999999999983,1403.8000000000002
2022-09-01,Արևային էլեկտրակայաններ,184.3,26.700000000000017,1534.8
2022-10-01,Արևային էլեկտրակայաններ,207.3,23,1675.2
2022-11-01,Արևային էլեկտրակայաններ,227.4,20.099999999999994,1825.7
2022-12-01,Արևային էլեկտրակայաններ,241.3,13.900000000000006,1977.3999999999999
2023-01-01,Արևային էլեկտրակայաններ,23,23,2136.9
2023-02-01,Արևային էլեկտրակայաններ,47.900000000000006,24.900000000000006,2301.5
2023-03-01,Արևային էլեկտրակայաններ,74.1,26.19999999999999,2469.1
2023-04-01,Արևային էլեկտրակայաններ,104.3,30.200000000000003,2637.7999999999997
2023-05-01,Արևային էլեկտրակայաններ,141.5,37.2,2808.8
2023-06-01,Արևային էլեկտրակայաններ,181.4,39.900000000000006,2980.9000000000005
2023-07-01,Արևային էլեկտրակայաններ,448.6,267.20000000000005,3373.5000000000005
2023-08-01,Արևային էլեկտրակայաններ,538,89.39999999999998,3807
2023-09-01,Արևային էլեկտրակայաններ,615.3,77.29999999999995,4273.7
2023-10-01,Արևային էլեկտրակայաններ,680.8,65.5,4767.8
2014-11-01,"Էլեկտրաէներգիա, ընդամենը, մլն.կՎտ. ժամ",6969.9000000000005,NA,NA
2014-12-01,"Էլեկտրաէներգիա, ընդամենը, մլն.կՎտ. ժամ",7750,780.0999999999995,NA
2015-01-01,"Էլեկտրաէներգիա, ընդամենը, մլն.կՎտ. ժամ",649,649,NA
2015-02-01,"Էլեկտրաէներգիա, ընդամենը, մլն.կՎտ. ժամ",1228.6,579.5999999999999,NA
2015-04-01,"Էլեկտրաէներգիա, ընդամենը, մլն.կՎտ. ժամ",2479.2,1250.6,NA
2015-05-01,"Էլեկտրաէներգիա, ընդամենը, մլն.կՎտ. ժամ",3157,677.8000000000002,NA
2015-06-01,"Էլեկտրաէներգիա, ընդամենը, մլն.կՎտ. ժամ",3792.3,635.3000000000002,NA
2015-07-01,"Էլեկտրաէներգիա, ընդամենը, մլն.կՎտ. ժամ",4406.700000000001,614.4000000000005,NA
2015-08-01,"Էլեկտրաէներգիա, ընդամենը, մլն.կՎտ. ժամ",5106.3,699.5999999999995,NA
2015-11-01,"Էլեկտրաէներգիա, ընդամենը, մլն.կՎտ. ժամ",7064.6,1958.3000000000002,NA
2015-12-01,"Էլեկտրաէներգիա, ընդամենը, մլն.կՎտ. ժամ",7798.200000000001,733.6000000000004,NA
2016-01-01,"Էլեկտրաէներգիա, ընդամենը, մլն.կՎտ. ժամ",682.8,682.8,NA
2016-02-01,"Էլեկտրաէներգիա, ընդամենը, մլն.կՎտ. ժամ",1314.4,631.6000000000001,NA
2016-03-01,"Էլեկտրաէներգիա, ընդամենը, մլն.կՎտ. ժամ",1923.5,609.0999999999999,NA
2016-04-01,"Էլեկտրաէներգիա, ընդամենը, մլն.կՎտ. ժամ",2566.6,643.0999999999999,NA
2016-05-01,"Էլեկտրաէներգիա, ընդամենը, մլն.կՎտ. ժամ",3097.3,530.7000000000003,NA
2016-06-01,"Էլեկտրաէներգիա, ընդամենը, մլն.կՎտ. ժամ",3606.2,508.89999999999964,NA
2016-07-01,"Էլեկտրաէներգիա, ընդամենը, մլն.կՎտ. ժամ",4166.1,559.9000000000005,NA
2016-08-01,"Էլեկտրաէներգիա, ընդամենը, մլն.կՎտ. ժամ",4804.8,638.6999999999998,NA
2016-09-01,"Էլեկտրաէներգիա, ընդամենը, մլն.կՎտ. ժամ",5396.1,591.3000000000002,NA
2016-10-01,"Էլեկտրաէներգիա, ընդամենը, մլն.կՎտ. ժամ",5991.4000000000005,595.3000000000002,NA
2016-11-01,"Էլեկտրաէներգիա, ընդամենը, մլն.կՎտ. ժամ",6614.6,623.1999999999998,NA
2016-12-01,"Էլեկտրաէներգիա, ընդամենը, մլն.կՎտ. ժամ",7315.200000000001,700.6000000000004,NA
2017-01-01,"Էլեկտրաէներգիա, ընդամենը, մլն.կՎտ. ժամ",775.6,775.6,105082.6
2017-02-01,"Էլեկտրաէներգիա, ընդամենը, մլն.կՎտ. ժամ",1450.9,675.3000000000001,102641.6
2017-03-01,"Էլեկտրաէներգիա, ընդամենը, մլն.կՎտ. ժամ",2101.8,650.9000000000001,100413.40000000001
2017-04-01,"Էլեկտրաէներգիա, ընդամենը, մլն.կՎտ. ժամ",2678.8,577,98125
2017-05-01,"Էլեկտրաէներգիա, ընդամենը, մլն.կՎտ. ժամ",3239.3,560.5,95915.3
2017-06-01,"Էլեկտրաէներգիա, ընդամենը, մլն.կՎտ. ժամ",3794.1,554.7999999999997,94493.2
2017-07-01,"Էլեկտրաէներգիա, ընդամենը, մլն.կՎտ. ժամ",4490.5,696.4000000000001,93325.5
2017-08-01,"Էլեկտրաէներգիա, ընդամենը, մլն.կՎտ. ժամ",5123.1,632.6000000000004,92148.30000000002
2017-09-01,"Էլեկտրաէներգիա, ընդամենը, մլն.կՎտ. ժամ",5745.200000000001,622.1000000000004,91025.00000000001
2017-10-01,"Էլեկտրաէներգիա, ընդամենը, մլն.կՎտ. ժամ",6313,567.7999999999993,89978.50000000001
2017-11-01,"Էլեկտրաէներգիա, ընդամենը, մլն.կՎտ. ժամ",6937.4000000000005,624.4000000000005,90268.3
2017-12-01,"Էլեկտրաէներգիա, ընդամենը, մլն.կՎտ. ժամ",7762.9,825.4999999999991,90716
2018-01-01,"Էլեկտրաէներգիա, ընդամենը, մլն.կՎտ. ժամ",830.1,830.1,91125.4
2018-02-01,"Էլեկտրաէներգիա, ընդամենը, մլն.կՎտ. ժամ",1502.2,672.1,91487.9
2018-03-01,"Էլեկտրաէներգիա, ընդամենը, մլն.կՎտ. ժամ",2109.7,607.4999999999998,91765.2
2018-04-01,"Էլեկտրաէներգիա, ընդամենը, մլն.կՎտ. ժամ",2667.3,557.6000000000004,92089.20000000001
2018-05-01,"Էլեկտրաէներգիա, ընդամենը, մլն.կՎտ. ժամ",3237.7,570.3999999999996,92393.3
2018-06-01,"Էլեկտրաէներգիա, ընդամենը, մլն.կՎտ. ժամ",3852.8,615.1000000000004,92711.80000000003
2018-07-01,"Էլեկտրաէներգիա, ընդամենը, մլն.կՎտ. ժամ",4527.3,674.5,92871.90000000002
2018-08-01,"Էլեկտրաէներգիա, ընդամենը, մլն.կՎտ. ժամ",5188,660.6999999999998,93066.20000000001
2018-09-01,"Էլեկտրաէներգիա, ընդամենը, մլն.կՎտ. ժամ",5776,588,93195.6
2018-10-01,"Էլեկտրաէներգիա, ընդամենը, մլն.կՎտ. ժամ",6429,653,93437.7
2018-11-01,"Էլեկտրաէներգիա, ընդամենը, մլն.կՎտ. ժամ",7105.4000000000005,676.4000000000005,93730.59999999999
2018-12-01,"Էլեկտրաէներգիա, ընդամենը, մլն.կՎտ. ժամ",7776.9,671.4999999999991,93744.59999999999
2019-01-01,"Էլեկտրաէներգիա, ընդամենը, մլն.կՎտ. ժամ",612.1,612.1,93486.09999999999
2019-02-01,"Էլեկտրաէներգիա, ընդամենը, մլն.կՎտ. ժամ",1186.7,574.6,93133.29999999999
2019-03-01,"Էլեկտրաէներգիա, ընդամենը, մլն.կՎտ. ժամ",1814.9,628.2,92844.6
2019-04-01,"Էլեկտրաէներգիա, ընդամենը, մլն.կՎտ. ժամ",2422.2,607.2999999999997,92625.00000000001
2019-05-01,"Էլեկտրաէներգիա, ընդամենը, մլն.կՎտ. ժամ",2998.4,576.2000000000003,92401.30000000003
2019-06-01,"Էլեկտրաէներգիա, ընդամենը, մլն.կՎտ. ժամ",3642.8,644.4000000000001,92146.6
2019-07-01,"Էլեկտրաէներգիա, ընդամենը, մլն.կՎտ. ժամ",4302.4000000000005,659.6000000000004,91898.90000000002
2019-08-01,"Էլեկտրաէներգիա, ընդամենը, մլն.կՎտ. ժամ",5007.700000000001,705.3000000000002,91667.70000000001
2019-09-01,"Էլեկտրաէներգիա, ընդամենը, մլն.կՎտ. ժամ",5650.6,642.8999999999996,91525.5
2019-10-01,"Էլեկտրաէներգիա, ընդամենը, մլն.կՎտ. ժամ",6253.6,603,91248.1
2019-11-01,"Էլեկտրաէներգիա, ընդամենը, մլն.կՎտ. ժամ",6867.1,613.5,90855.80000000002
2019-12-01,"Էլեկտրաէներգիա, ընդամենը, մլն.կՎտ. ժամ",7632.3,765.1999999999998,90711.20000000001
2020-01-01,"Էլեկտրաէներգիա, ընդամենը, մլն.կՎտ. ժամ",726.3,726.3,90898.80000000002
2020-02-01,"Էլեկտրաէներգիա, ընդամենը, մլն.կՎտ. ժամ",1461.3,735,91344.3
2020-03-01,"Էլեկտրաէներգիա, ընդամենը, մլն.կՎտ. ժամ",2083.3,622.0000000000002,91762.9
2020-04-01,"Էլեկտրաէներգիա, ընդամենը, մլն.կՎտ. ժամ",2670.7,587.3999999999996,92111.9
2020-05-01,"Էլեկտրաէներգիա, ընդամենը, մլն.կՎտ. ժամ",3246.1,575.4000000000001,92454.3
2020-06-01,"Էլեկտրաէներգիա, ընդամենը, մլն.կՎտ. ժամ",3802.1,556,92679.00000000001
2020-07-01,"Էլեկտրաէներգիա, ընդամենը, մլն.կՎտ. ժամ",4448.4000000000005,646.3000000000006,92905.30000000002
2020-08-01,"Էլեկտրաէներգիա, ընդամենը, մլն.կՎտ. ժամ",5104.8,656.3999999999996,93038.1
2020-09-01,"Էլեկտրաէներգիա, ընդամենը, մլն.կՎտ. ժամ",5737,632.1999999999998,93105.3
2020-10-01,"Էլեկտրաէներգիա, ընդամենը, մլն.կՎտ. ժամ",6357.9000000000005,620.9000000000005,93240.4
2020-11-01,"Էլեկտրաէներգիա, ընդամենը, մլն.կՎտ. ժամ",6990.5,632.5999999999995,93457.5
2020-12-01,"Էլեկտրաէներգիա, ընդամենը, մլն.կՎտ. ժամ",7723.4,732.8999999999996,93548.59999999999
2021-01-01,"Էլեկտրաէներգիա, ընդամենը, մլն.կՎտ. ժամ",742.4,742.4,93541.59999999999
2021-02-01,"Էլեկտրաէներգիա, ընդամենը, մլն.կՎտ. ժամ",1376.8,634.4,93273.59999999999
2021-03-01,"Էլեկտրաէներգիա, ընդամենը, մլն.կՎտ. ժամ",2112.9,736.1000000000001,93125.9
2021-04-01,"Էլեկտրաէներգիա, ընդամենը, մլն.կՎտ. ժամ",2753,640.0999999999999,93050.79999999999
2021-05-01,"Էլեկտրաէներգիա, ընդամենը, մլն.կՎտ. ժամ",3310.3,557.3000000000002,92958.40000000001
2021-06-01,"Էլեկտրաէներգիա, ընդամենը, մլն.կՎտ. ժամ",3822,511.6999999999998,92910.1
2021-07-01,"Էլեկտրաէներգիա, ընդամենը, մլն.կՎտ. ժամ",4454.1,632.1000000000004,92860.90000000001
2021-08-01,"Էլեկտրաէներգիա, ընդամենը, մլն.կՎտ. ժամ",5030.5,576.3999999999996,92780.60000000002
2021-09-01,"Էլեկտրաէներգիա, ընդամենը, մլն.կՎտ. ժամ",5580.9000000000005,550.4000000000005,92629.20000000001
2021-10-01,"Էլեկտրաէներգիա, ընդամենը, մլն.կՎտ. ժամ",6163.200000000001,582.3000000000002,92421.3
2021-11-01,"Էլեկտրաէներգիա, ընդամենը, մլն.կՎտ. ժամ",6848.4000000000005,685.1999999999998,92246.90000000001
2021-12-01,"Էլեկտրաէներգիա, ընդամենը, մլն.կՎտ. ժամ",7674.9,826.4999999999991,92198.4
2022-01-01,"Էլեկտրաէներգիա, ընդամենը, մլն.կՎտ. ժամ",885.2,885.2,92276.59999999999
2022-02-01,"Էլեկտրաէներգիա, ընդամենը, մլն.կՎտ. ժամ",1678.9,793.7,92614.7
2022-03-01,"Էլեկտրաէներգիա, ընդամենը, մլն.կՎտ. ժամ",2465.3,786.4000000000001,92889
2022-04-01,"Էլեկտրաէներգիա, ընդամենը, մլն.կՎտ. ժամ",3142.4,677.0999999999999,93147.60000000002
2022-05-01,"Էլեկտրաէներգիա, ընդամենը, մլն.կՎտ. ժամ",3745.4,603,93470.00000000001
2022-06-01,"Էլեկտրաէներգիա, ընդամենը, մլն.կՎտ. ժամ",4387.3,641.9000000000001,93966.90000000001
2022-07-01,"Էլեկտրաէներգիա, ընդամենը, մլն.կՎտ. ժամ",5117.700000000001,730.4000000000005,94576.3
2022-08-01,"Էլեկտրաէներգիա, ընդամենը, մլն.կՎտ. ժամ",5867.6,749.8999999999996,95439.20000000001
2022-09-01,"Էլեկտրաէներգիա, ընդամենը, մլն.կՎտ. ժամ",6524.200000000001,656.6000000000004,96490.1
2022-10-01,"Էլեկտրաէներգիա, ընդամենը, մլն.կՎտ. ժամ",7198,673.7999999999993,97671.09999999999
2022-11-01,"Էլեկտրաէներգիա, ընդամենը, մլն.կՎտ. ժամ",8002,804,98918.29999999999
2022-12-01,"Էլեկտրաէներգիա, ընդամենը, մլն.կՎտ. ժամ",8907.899999999996,905.899999999996,100151.29999999999
2023-01-01,"Էլեկտրաէներգիա, ընդամենը, մլն.կՎտ. ժամ",871.7,871.7,101227.99999999999
2023-02-01,"Էլեկտրաէներգիա, ընդամենը, մլն.կՎտ. ժամ",1675.7,804,102155.69999999998
2023-03-01,"Էլեկտրաէներգիա, ընդամենը, մլն.կՎտ. ժամ",2416.5,740.8,102987.49999999997
2023-04-01,"Էլեկտրաէներգիա, ընդամենը, մլն.կՎտ. ժամ",3039.4,622.9000000000001,103728.09999999996
2023-05-01,"Էլեկտրաէներգիա, ընդամենը, մլն.կՎտ. ժամ",3630.3,590.9000000000001,104410.89999999997
2023-06-01,"Էլեկտրաէներգիա, ընդամենը, մլն.կՎտ. ժամ",4270.1,639.8000000000002,104961.39999999998
2023-07-01,"Էլեկտրաէներգիա, ընդամենը, մլն.կՎտ. ժամ",5158.8,888.6999999999998,105571.89999999998
2023-08-01,"Էլեկտրաէներգիա, ընդամենը, մլն.կՎտ. ժամ",5978.4,819.5999999999995,106078.59999999998
2023-09-01,"Էլեկտրաէներգիա, ընդամենը, մլն.կՎտ. ժամ",6649.5,671.1000000000004,106493.59999999996
2023-10-01,"Էլեկտրաէներգիա, ընդամենը, մլն.կՎտ. ժամ",7287.2,637.6999999999998,106780.99999999996
2014-11-01,Հայկական ատոմային էլեկտրակայան (ՀԱԷԿ),2181.1,NA,NA
2014-12-01,Հայկական ատոմային էլեկտրակայան (ՀԱԷԿ),2464.8,283.7000000000003,NA
2015-01-01,Հայկական ատոմային էլեկտրակայան (ՀԱԷԿ),281.3,281.3,NA
2015-02-01,Հայկական ատոմային էլեկտրակայան (ՀԱԷԿ),531.4,250.09999999999997,NA
2015-04-01,Հայկական ատոմային էլեկտրակայան (ՀԱԷԿ),1054.1,522.6999999999999,NA
2015-05-01,Հայկական ատոմային էլեկտրակայան (ՀԱԷԿ),1266.6,212.5,NA
2015-06-01,Հայկական ատոմային էլեկտրակայան (ՀԱԷԿ),1520.7,254.10000000000014,NA
2015-07-01,Հայկական ատոմային էլեկտրակայան (ՀԱԷԿ),1767.6,246.89999999999986,NA
2015-08-01,Հայկական ատոմային էլեկտրակայան (ՀԱԷԿ),2026.6,259,NA
2015-11-01,Հայկական ատոմային էլեկտրակայան (ՀԱԷԿ),2503.6,477,NA
2015-12-01,Հայկական ատոմային էլեկտրակայան (ՀԱԷԿ),2787.7,284.0999999999999,NA
2016-01-01,Հայկական ատոմային էլեկտրակայան (ՀԱԷԿ),282.3,282.3,NA
2016-02-01,Հայկական ատոմային էլեկտրակայան (ՀԱԷԿ),541.3,258.99999999999994,NA
2016-03-01,Հայկական ատոմային էլեկտրակայան (ՀԱԷԿ),811.3,270,NA
2016-04-01,Հայկական ատոմային էլեկտրակայան (ՀԱԷԿ),1064.5,253.20000000000005,NA
2016-05-01,Հայկական ատոմային էլեկտրակայան (ՀԱԷԿ),1266.1,201.5999999999999,NA
2016-06-01,Հայկական ատոմային էլեկտրակայան (ՀԱԷԿ),1526.6,260.5,NA
2016-07-01,Հայկական ատոմային էլեկտրակայան (ՀԱԷԿ),1791.8,265.20000000000005,NA
2016-08-01,Հայկական ատոմային էլեկտրակայան (ՀԱԷԿ),2052.5,260.70000000000005,NA
2016-09-01,Հայկական ատոմային էլեկտրակայան (ՀԱԷԿ),2206.2,153.69999999999982,NA
2016-10-01,Հայկական ատոմային էլեկտրակայան (ՀԱԷԿ),2206.2,0,NA
2016-11-01,Հայկական ատոմային էլեկտրակայան (ՀԱԷԿ),2206,-0.1999999999998181,NA
2016-12-01,Հայկական ատոմային էլեկտրակայան (ՀԱԷԿ),2380.5,174.5,NA
2017-01-01,Հայկական ատոմային էլեկտրակայան (ՀԱԷԿ),281.5,281.5,37641.49999999999
2017-02-01,Հայկական ատոմային էլեկտրակայան (ՀԱԷԿ),541.7,260.20000000000005,36409.7
2017-03-01,Հայկական ատոմային էլեկտրակայան (ՀԱԷԿ),811.5,269.79999999999995,35191.399999999994
2017-04-01,Հայկական ատոմային էլեկտրակայան (ՀԱԷԿ),1062.9,251.4000000000001,33999.399999999994
2017-05-01,Հայկական ատոմային էլեկտրակայան (ՀԱԷԿ),1139.3,76.39999999999986,32730.699999999997
2017-06-01,Հայկական ատոմային էլեկտրակայան (ՀԱԷԿ),1139.3,0,31463.7
2017-07-01,Հայկական ատոմային էլեկտրակայան (ՀԱԷԿ),1347.9,208.60000000000014,30087.399999999998
2017-08-01,Հայկական ատոմային էլեկտրակայան (ՀԱԷԿ),1610.4,262.5,28706.3
2017-09-01,Հայկական ատոմային էլեկտրակայան (ՀԱԷԿ),1868.9,258.5,27523.2
2017-10-01,Հայկական ատոմային էլեկտրակայան (ՀԱԷԿ),2145.1,276.1999999999998,26875.3
2017-11-01,Հայկական ատոմային էլեկտրակայան (ՀԱԷԿ),2347.9,202.80000000000018,26907.600000000002
2017-12-01,Հայկական ատոմային էլեկտրակայան (ՀԱԷԿ),2619.6,271.6999999999998,27146.7
2018-01-01,Հայկական ատոմային էլեկտրակայան (ՀԱԷԿ),280.7,280.7,27385.800000000003
2018-02-01,Հայկական ատոմային էլեկտրակայան (ՀԱԷԿ),523.051111111111,242.35111111111104,27347.800000000003
2018-03-01,Հայկական ատոմային էլեկտրակայան (ՀԱԷԿ),741.9488888888889,218.89777777777783,27555.5
2018-04-01,Հայկական ատոմային էլեկտրակայան (ՀԱԷԿ),984.3,242.3511111111111,27717.6
2018-05-01,Հայկական ատոմային էլեկտրակայան (ՀԱԷԿ),1140.1,155.79999999999995,28084.300000000003
2018-06-01,Հայկական ատոմային էլեկտրակայան (ՀԱԷԿ),1141.1,1,28712.5
2018-07-01,Հայկական ատոմային էլեկտրակայան (ՀԱԷԿ),1143.8,2.7000000000000455,29191.4
2018-08-01,Հայկական ատոմային էլեկտրակայան (ՀԱԷԿ),1282.6,138.79999999999995,29544.8
2018-09-01,Հայկական ատոմային էլեկտրակայան (ՀԱԷԿ),1433.4,150.80000000000018,29685.7
2018-10-01,Հայկական ատոմային էլեկտրակայան (ՀԱԷԿ),1591.1,157.69999999999982,29431.899999999998
2018-11-01,Հայկական ատոմային էլեկտրակայան (ՀԱԷԿ),1787.1,196,28968.299999999996
2018-12-01,Հայկական ատոմային էլեկտրակայան (ՀԱԷԿ),2076.1,289,28424.799999999992
2019-01-01,Հայկական ատոմային էլեկտրակայան (ՀԱԷԿ),291.8999999999999,291.8999999999999,27893.299999999992
2019-02-01,Հայկական ատոմային էլեկտրակայան (ՀԱԷԿ),553.7,261.8000000000001,27915.199999999993
2019-03-01,Հայկական ատոմային էլեկտրակայան (ՀԱԷԿ),835.6,281.9,27458.199999999997
2019-04-01,Հայկական ատոմային էլեկտրակայան (ՀԱԷԿ),1047.8,212.19999999999993,27056.799999999996
2019-05-01,Հայկական ատոմային էլեկտրակայան (ՀԱԷԿ),1203.5,155.70000000000005,26575.899999999998
2019-06-01,Հայկական ատոմային էլեկտրակայան (ՀԱԷԿ),1203.5,0,26093
2019-07-01,Հայկական ատոմային էլեկտրակայան (ՀԱԷԿ),1203.5,0,25813.3
2019-08-01,Հայկական ատոմային էլեկտրակայան (ՀԱԷԿ),1203.5,0,25518.5
2019-09-01,Հայկական ատոմային էլեկտրակայան (ՀԱԷԿ),1319.6,116.09999999999991,25296.699999999997
2019-10-01,Հայկական ատոմային էլեկտրակայան (ՀԱԷԿ),1609.4,289.8000000000002,25325.5
2019-11-01,Հայկական ատոմային էլեկտրակայան (ՀԱԷԿ),1899.8,290.39999999999986,25455.499999999996
2019-12-01,Հայկական ատոմային էլեկտրակայան (ՀԱԷԿ),2197.8,298.0000000000002,25577.199999999997
2020-01-01,Հայկական ատոմային էլեկտրակայան (ՀԱԷԿ),300.3,300.3,25696.100000000002
2020-02-01,Հայկական ատոմային էլեկտրակայան (ՀԱԷԿ),533.2,232.90000000000003,25508.6
2020-03-01,Հայկական ատոմային էլեկտրակայան (ՀԱԷԿ),814.1,280.9,25553.5
2020-04-01,Հայկական ատոմային էլեկտրակայան (ՀԱԷԿ),1053.5,239.39999999999998,25617.399999999998
2020-05-01,Հայկական ատոմային էլեկտրակայան (ՀԱԷԿ),1315.4,261.9000000000001,25787.6
2020-06-01,Հայկական ատոմային էլեկտրակայան (ՀԱԷԿ),1572.5,257.0999999999999,26215.899999999998
2020-07-01,Հայկական ատոմային էլեկտրակայան (ՀԱԷԿ),1579,6.5,26653.399999999998
2020-08-01,Հայկական ատոմային էլեկտրակայան (ՀԱԷԿ),1650.7,71.70000000000005,27301.399999999998
2020-09-01,Հայկական ատոմային էլեկտրակայան (ՀԱԷԿ),1890.4,239.70000000000005,28107.699999999997
2020-10-01,Հայկական ատոմային էլեկտրակայան (ՀԱԷԿ),2168.9,278.5,28770.600000000002
2020-11-01,Հայկական ատոմային էլեկտրակայան (ՀԱԷԿ),2453.8,284.9000000000001,29333.6
2020-12-01,Հայկական ատոմային էլեկտրակայան (ՀԱԷԿ),2756.3,302.5,29892.100000000002
2021-01-01,Հայկական ատոմային էլեկտրակայան (ՀԱԷԿ),302,302,30443.899999999998
2021-02-01,Հայկական ատոմային էլեկտրակայան (ՀԱԷԿ),566.7,264.70000000000005,31056.4
2021-03-01,Հայկական ատոմային էլեկտրակայան (ՀԱԷԿ),843.9,277.19999999999993,31666.199999999997
2021-04-01,Հայկական ատոմային էլեկտրակայան (ՀԱԷԿ),1109.2,265.30000000000007,32274.699999999997
2021-05-01,Հայկական ատոմային էլեկտրակայան (ՀԱԷԿ),1237.6,128.39999999999986,32643.5
2021-06-01,Հայկական ատոմային էլեկտրակայան (ՀԱԷԿ),1237.6,0,32498.100000000006
2021-07-01,Հայկական ատոմային էլեկտրակայան (ՀԱԷԿ),1237.6,0,32339.700000000004
2021-08-01,Հայկական ատոմային էլեկտրակայան (ՀԱԷԿ),1237.6,0,32037.900000000005
2021-09-01,Հայկական ատոմային էլեկտրակայան (ՀԱԷԿ),1237.6,0,31372.800000000007
2021-10-01,Հայկական ատոմային էլեկտրակայան (ՀԱԷԿ),1375.8,138.20000000000005,30578.700000000004
2021-11-01,Հայկական ատոմային էլեկտրակայան (ՀԱԷԿ),1679.6,303.79999999999995,29809.000000000004
2021-12-01,Հայկական ատոմային էլեկտրակայան (ՀԱԷԿ),1998.4,318.8000000000002,29051.100000000006
2022-01-01,Հայկական ատոմային էլեկտրակայան (ՀԱԷԿ),322.8,322.8,28312.300000000007
2022-02-01,Հայկական ատոմային էլեկտրակայան (ՀԱԷԿ),608.1,285.3,27562.300000000003
2022-03-01,Հայկական ատոմային էլեկտրակայան (ՀԱԷԿ),924.5,316.4,26855.2
2022-04-01,Հայկական ատոմային էլեկտրակայան (ՀԱԷԿ),1073.9,149.4000000000001,26006.3
2022-05-01,Հայկական ատոմային էլեկտրակայան (ՀԱԷԿ),1073.9,0,25162.5
2022-06-01,Հայկական ատոմային էլեկտրակայան (ՀԱԷԿ),1139.9,66,24641.800000000003
2022-07-01,Հայկական ատոմային էլեկտրակայան (ՀԱԷԿ),1416.8,276.89999999999986,24404.5
2022-08-01,Հայկական ատոմային էլեկտրակայան (ՀԱԷԿ),1690.6,273.79999999999995,24512.700000000004
2022-09-01,Հայկական ատոմային էլեկտրակայան (ՀԱԷԿ),1959.3,268.70000000000005,25129.300000000003
2022-10-01,Հայկական ատոմային էլեկտրակայան (ՀԱԷԿ),2246.8,287.5000000000002,26035.500000000007
2022-11-01,Հայկական ատոմային էլեկտրակայան (ՀԱԷԿ),2519.9,273.0999999999999,26892.100000000002
2022-12-01,Հայկական ատոմային էլեկտրակայան (ՀԱԷԿ),2846.2,326.2999999999997,27739.90000000001
2023-01-01,Հայկական ատոմային էլեկտրակայան (ՀԱԷԿ),328.7,328.7,28572.800000000003
2023-02-01,Հայկական ատոմային էլեկտրակայան (ՀԱԷԿ),622.2,293.50000000000006,29393.300000000003
2023-03-01,Հայկական ատոմային էլեկտրակայան (ՀԱԷԿ),939.2,317,30175.199999999997
2023-04-01,Հայկական ատոմային էլեկտրակայան (ՀԱԷԿ),1245.4,306.20000000000005,31229.8
2023-05-01,Հայկական ատոմային էլեկտրակայան (ՀԱԷԿ),1286.8,41.399999999999864,32454.2
2023-06-01,Հայկական ատոմային էլեկտրակայան (ՀԱԷԿ),1286.8,0,33546.6
2023-07-01,Հայկական ատոմային էլեկտրակայան (ՀԱԷԿ),1317.5,30.700000000000045,34115.899999999994
2023-08-01,Հայկական ատոմային էլեկտրակայան (ՀԱԷԿ),1508.8,191.29999999999995,34328.9
2023-09-01,Հայկական ատոմային էլեկտրակայան (ՀԱԷԿ),1793.6,284.79999999999995,34289.299999999996
2023-10-01,Հայկական ատոմային էլեկտրակայան (ՀԱԷԿ),2106.6,313,34125.899999999994
2014-11-01,Հիդրոէլեկտրակայան (ՀԷԿ),1845.4,NA,NA
2014-12-01,Հիդրոէլեկտրակայան (ՀԷԿ),1992.6,147.19999999999982,NA
2015-01-01,Հիդրոէլեկտրակայան (ՀԷԿ),125.1,125.1,NA
2015-02-01,Հիդրոէլեկտրակայան (ՀԷԿ),240.9,115.80000000000001,NA
2015-04-01,Հիդրոէլեկտրակայան (ՀԷԿ),636.4,395.5,NA
2015-05-01,Հիդրոէլեկտրակայան (ՀԷԿ),947.8,311.4,NA
2015-06-01,Հիդրոէլեկտրակայան (ՀԷԿ),1190.5,242.70000000000005,NA
2015-07-01,Հիդրոէլեկտրակայան (ՀԷԿ),1400.7,210.20000000000005,NA
2015-08-01,Հիդրոէլեկտրակայան (ՀԷԿ),1593.4,192.70000000000005,NA
2015-11-01,Հիդրոէլեկտրակայան (ՀԷԿ),2053,459.5999999999999,NA
2015-12-01,Հիդրոէլեկտրակայան (ՀԷԿ),2205.6,152.5999999999999,NA
2016-01-01,Հիդրոէլեկտրակայան (ՀԷԿ),154.8,154.8,NA
2016-02-01,Հիդրոէլեկտրակայան (ՀԷԿ),306.1,151.3,NA
2016-03-01,Հիդրոէլեկտրակայան (ՀԷԿ),486.3999999999999,180.2999999999999,NA
2016-04-01,Հիդրոէլեկտրակայան (ՀԷԿ),736.2,249.80000000000013,NA
2016-05-01,Հիդրոէլեկտրակայան (ՀԷԿ),991.5,255.29999999999995,NA
2016-06-01,Հիդրոէլեկտրակայան (ՀԷԿ),1237.5,246,NA
2016-07-01,Հիդրոէլեկտրակայան (ՀԷԿ),1483.1,245.5999999999999,NA
2016-08-01,Հիդրոէլեկտրակայան (ՀԷԿ),1692.5,209.4000000000001,NA
2016-09-01,Հիդրոէլեկտրակայան (ՀԷԿ),1856.3,163.79999999999995,NA
2016-10-01,Հիդրոէլեկտրակայան (ՀԷԿ),2005.1,148.79999999999995,NA
2016-11-01,Հիդրոէլեկտրակայան (ՀԷԿ),2175.6,170.5,NA
2016-12-01,Հիդրոէլեկտրակայան (ՀԷԿ),2351.4,175.80000000000018,NA
2017-01-01,Հիդրոէլեկտրակայան (ՀԷԿ),140.7,140.7,31674.4
2017-02-01,Հիդրոէլեկտրակայան (ՀԷԿ),251.1,110.4,31311.900000000005
2017-03-01,Հիդրոէլեկտրակայան (ՀԷԿ),424.5,173.4,30909.4
2017-04-01,Հիդրոէլեկտրակայան (ՀԷԿ),654.3,229.79999999999995,30362.2
2017-05-01,Հիդրոէլեկտրակայան (ՀԷԿ),933,278.70000000000005,29698.900000000005
2017-06-01,Հիդրոէլեկտրակայան (ՀԷԿ),1215.3,282.29999999999995,29221.400000000005
2017-07-01,Հիդրոէլեկտրակայան (ՀԷԿ),1455.9,240.60000000000014,28804.700000000004
2017-08-01,Հիդրոէլեկտրակայան (ՀԷԿ),1678.3,222.39999999999986,28434.300000000007
2017-09-01,Հիդրոէլեկտրակայան (ՀԷԿ),1823.3,145,28091.500000000004
2017-10-01,Հիդրոէլեկտրակայան (ՀԷԿ),1960,136.70000000000005,27780.500000000004
2017-11-01,Հիդրոէլեկտրակայան (ՀԷԿ),2099.7,139.69999999999982,27727.800000000003
2017-12-01,Հիդրոէլեկտրակայան (ՀԷԿ),2269,169.30000000000018,27645.400000000005
2018-01-01,Հիդրոէլեկտրակայան (ՀԷԿ),127.5,127.5,27563.9
2018-02-01,Հիդրոէլեկտրակայան (ՀԷԿ),323.86777777777775,196.36777777777775,27817.2
2018-03-01,Հիդրոէլեկտրակայան (ՀԷԿ),501.2322222222222,177.36444444444447,27833.5
2018-04-01,Հիդրոէլեկտրակայան (ՀԷԿ),697.6,196.3677777777778,27876.3
2018-05-01,Հիդրոէլեկտրակայան (ՀԷԿ),963.6,266,27883
2018-06-01,Հիդրոէլեկտրակայան (ՀԷԿ),1239.2,275.6,27846.7
2018-07-01,Հիդրոէլեկտրակայան (ՀԷԿ),1505.8,266.5999999999999,27841.4
2018-08-01,Հիդրոէլեկտրակայան (ՀԷԿ),1685.7,179.9000000000001,27780.6
2018-09-01,Հիդրոէլեկտրակայան (ՀԷԿ),1828,142.29999999999995,27735.899999999998
2018-10-01,Հիդրոէլեկտրակայան (ՀԷԿ),1965.5,137.5,27704.100000000002
2018-11-01,Հիդրոէլեկտրակայան (ՀԷԿ),2132.5,167,27730.4
2018-12-01,Հիդրոէլեկտրակայան (ՀԷԿ),2318.2,185.69999999999982,27779.600000000002
2019-01-01,Հիդրոէլեկտրակայան (ՀԷԿ),154.6,154.6,27869.1
2019-02-01,Հիդրոէլեկտրակայան (ՀԷԿ),287.5,132.9,27393.299999999996
2019-03-01,Հիդրոէլեկտրակայան (ՀԷԿ),430.6,143.10000000000002,27375
2019-04-01,Հիդրոէլեկտրակայան (ՀԷԿ),693,262.4,27376.299999999996
2019-05-01,Հիդրոէլեկտրակայան (ՀԷԿ),1069.3,376.29999999999995,27500.6
2019-06-01,Հիդրոէլեկտրակայան (ՀԷԿ),1341.9,272.60000000000014,27628.6
2019-07-01,Հիդրոէլեկտրակայան (ՀԷԿ),1581.2,239.29999999999995,27703.299999999996
2019-08-01,Հիդրոէլեկտրակայան (ՀԷԿ),1798.7,217.5,27858.100000000002
2019-09-01,Հիդրոէլեկտրակայան (ՀԷԿ),1957.1,158.39999999999986,28031.699999999997
2019-10-01,Հիդրոէլեկտրակայան (ՀԷԿ),2097.9,140.80000000000018,28207.799999999996
2019-11-01,Հիդրոէլեկտրակայան (ՀԷԿ),2227.9,130,28319.6
2019-12-01,Հիդրոէլեկտրակայան (ՀԷԿ),2370.9,143,28372.299999999996
2020-01-01,Հիդրոէլեկտրակայան (ՀԷԿ),122.6,122.6,28365.899999999998
2020-02-01,Հիդրոէլեկտրակայան (ՀԷԿ),224.4,101.80000000000001,28599.8
2020-03-01,Հիդրոէլեկտրակայան (ՀԷԿ),347.8,123.4,28600.4
2020-04-01,Հիդրոէլեկտրակայան (ՀԷԿ),548.4,200.59999999999997,28513.100000000002
2020-05-01,Հիդրոէլեկտրակայան (ՀԷԿ),850.4,302,28241.2
2020-06-01,Հիդրոէլեկտրակայան (ՀԷԿ),1043.6,193.19999999999993,27892.899999999998
2020-07-01,Հիդրոէլեկտրակայան (ՀԷԿ),1211.7,168.10000000000014,27500.7
2020-08-01,Հիդրոէլեկտրակայան (ՀԷԿ),1360.1,148.39999999999986,27001.799999999996
2020-09-01,Հիդրոէլեկտրակայան (ՀԷԿ),1479.3,119.20000000000005,26447.6
2020-10-01,Հիդրոէլեկտրակայան (ՀԷԿ),1564.5,85.20000000000005,25834.5
2020-11-01,Հիդրոէլեկտրակայան (ՀԷԿ),1661.5,97,25225.399999999998
2020-12-01,Հիդրոէլեկտրակայան (ՀԷԿ),1778.4,116.90000000000009,24632.9
2021-01-01,Հիդրոէլեկտրակայան (ՀԷԿ),109.8,109.8,24059.6
2021-02-01,Հիդրոէլեկտրակայան (ՀԷԿ),227.9,118.10000000000001,23533.7
2021-03-01,Հիդրոէլեկտրակայան (ՀԷԿ),410.3999999999999,182.49999999999991,23086.6
2021-04-01,Հիդրոէլեկտրակայան (ՀԷԿ),678.8,268.40000000000003,22769.100000000002
2021-05-01,Հիդրոէլեկտրակայան (ՀԷԿ),976.6,297.80000000000007,22521.699999999997
2021-06-01,Հիդրոէլեկտրակայան (ՀԷԿ),1253.7,277.1,22437.6
2021-07-01,Հիդրոէլեկտրակայան (ՀԷԿ),1482.6,228.89999999999986,22485.499999999996
2021-08-01,Հիդրոէլեկտրակայան (ՀԷԿ),1681.5,198.9000000000001,22653
2021-09-01,Հիդրոէլեկտրակայան (ՀԷԿ),1836.1,154.5999999999999,22895.1
2021-10-01,Հիդրոէլեկտրակայան (ՀԷԿ),1959.3,123.20000000000005,23230.8
2021-11-01,Հիդրոէլեկտրակայան (ՀԷԿ),2085.4,126.10000000000014,23628.6
2021-12-01,Հիդրոէլեկտրակայան (ՀԷԿ),2201.7,116.29999999999973,24051.9
2022-01-01,Հիդրոէլեկտրակայան (ՀԷԿ),118,118,24496.199999999997
2022-02-01,Հիդրոէլեկտրակայան (ՀԷԿ),217.8,99.80000000000001,24905.9
2022-03-01,Հիդրոէլեկտրակայան (ՀԷԿ),318.2,100.39999999999998,25174.4
2022-04-01,Հիդրոէլեկտրակայան (ՀԷԿ),549.5,231.3,25338
2022-05-01,Հիդրոէլեկտրակայան (ՀԷԿ),859.8,310.29999999999995,25518.300000000003
2022-06-01,Հիդրոէլեկտրակայան (ՀԷԿ),1123.7,263.9000000000001,25601.500000000004
2022-07-01,Հիդրոէլեկտրակայան (ՀԷԿ),1323.9,200.20000000000005,25595.2
2022-08-01,Հիդրոէլեկտրակայան (ՀԷԿ),1497.9,174,25513.499999999996
2022-09-01,Հիդրոէլեկտրակայան (ՀԷԿ),1602.6,104.69999999999982,25346.5
2022-10-01,Հիդրոէլեկտրակայան (ՀԷԿ),1709.3,106.70000000000005,25125
2022-11-01,Հիդրոէլեկտրակայան (ՀԷԿ),1823.2,113.90000000000009,24862.199999999997
2022-12-01,Հիդրոէլեկտրակայան (ՀԷԿ),1939.9,116.70000000000005,24600.4
2023-01-01,Հիդրոէլեկտրակայան (ՀԷԿ),88.6,88.6,24301
2023-02-01,Հիդրոէլեկտրակայան (ՀԷԿ),170.5,81.9,24002
2023-03-01,Հիդրոէլեկտրակայան (ՀԷԿ),289.2,118.69999999999999,23803.4
2023-04-01,Հիդրոէլեկտրակայան (ՀԷԿ),449.7,160.5,23571.1
2023-05-01,Հիդրոէլեկտրակայան (ՀԷԿ),677.1,227.40000000000003,23243.399999999998
2023-06-01,Հիդրոէլեկտրակայան (ՀԷԿ),915.8,238.69999999999993,22903.7
2023-07-01,Հիդրոէլեկտրակայան (ՀԷԿ),1102,186.20000000000005,22578.7
2023-08-01,Հիդրոէլեկտրակայան (ՀԷԿ),1259.9,157.9000000000001,22262.5
2023-09-01,Հիդրոէլեկտրակայան (ՀԷԿ),1368.8,108.89999999999986,22000.4
2023-10-01,Հիդրոէլեկտրակայան (ՀԷԿ),1457.6,88.79999999999995,21736.900000000005
2014-11-01,Հողմային էլեկտրակայաններ,NA,NA,NA
2014-12-01,Հողմային էլեկտրակայաններ,NA,NA,NA
2015-01-01,Հողմային էլեկտրակայաններ,NA,NA,NA
2015-02-01,Հողմային էլեկտրակայաններ,NA,NA,NA
2015-04-01,Հողմային էլեկտրակայաններ,NA,NA,NA
2015-05-01,Հողմային էլեկտրակայաններ,NA,NA,NA
2015-06-01,Հողմային էլեկտրակայաններ,NA,NA,NA
2015-07-01,Հողմային էլեկտրակայաններ,NA,NA,NA
2015-08-01,Հողմային էլեկտրակայաններ,NA,NA,NA
2015-11-01,Հողմային էլեկտրակայաններ,NA,NA,NA
2015-12-01,Հողմային էլեկտրակայաններ,NA,NA,NA
2016-01-01,Հողմային էլեկտրակայաններ,NA,NA,NA
2016-02-01,Հողմային էլեկտրակայաններ,NA,NA,NA
2016-03-01,Հողմային էլեկտրակայաններ,0.8,NA,NA
2016-04-01,Հողմային էլեկտրակայաններ,0.8,0,NA
2016-05-01,Հողմային էլեկտրակայաններ,0.9,0.09999999999999998,NA
2016-06-01,Հողմային էլեկտրակայաններ,0.9,0,NA
2016-07-01,Հողմային էլեկտրակայաններ,0.9,0,NA
2016-08-01,Հողմային էլեկտրակայաններ,1,0.09999999999999998,NA
2016-09-01,Հողմային էլեկտրակայաններ,1.1,0.10000000000000009,NA
2016-10-01,Հողմային էլեկտրակայաններ,1.2,0.09999999999999987,NA
2016-11-01,Հողմային էլեկտրակայաններ,1.5,0.30000000000000004,NA
2016-12-01,Հողմային էլեկտրակայաններ,1.8,0.30000000000000004,NA
2017-01-01,Հողմային էլեկտրակայաններ,0.3000000000000001,0.3000000000000001,NA
2017-02-01,Հողմային էլեկտրակայաններ,0.6,0.2999999999999999,NA
2017-03-01,Հողմային էլեկտրակայաններ,0.8,0.20000000000000007,NA
2017-04-01,Հողմային էլեկտրակայաններ,1,0.19999999999999996,NA
2017-05-01,Հողմային էլեկտրակայաններ,1.1,0.10000000000000009,NA
2017-06-01,Հողմային էլեկտրակայաններ,1.2,0.09999999999999987,NA
2017-07-01,Հողմային էլեկտրակայաններ,1.2,0,NA
2017-08-01,Հողմային էլեկտրակայաններ,1.3,0.10000000000000009,NA
2017-09-01,Հողմային էլեկտրակայաններ,1.3,0,NA
2017-10-01,Հողմային էլեկտրակայաններ,1.5,0.19999999999999996,NA
2017-11-01,Հողմային էլեկտրակայաններ,1.7,0.19999999999999996,NA
2017-12-01,Հողմային էլեկտրակայաններ,2.1,0.40000000000000013,NA
2018-01-01,Հողմային էլեկտրակայաններ,0.3000000000000001,0.3000000000000001,NA
2018-02-01,Հողմային էլեկտրակայաններ,0.5,0.1999999999999999,24.400000000000002
2018-03-01,Հողմային էլեկտրակայաններ,0.8,0.30000000000000004,24.700000000000003
2018-04-01,Հողմային էլեկտրակայաններ,0.8,0,24.6
2018-05-01,Հողմային էլեկտրակայաններ,0.9,0.09999999999999998,24.499999999999996
2018-06-01,Հողմային էլեկտրակայաններ,1,0.09999999999999998,24.299999999999997
2018-07-01,Հողմային էլեկտրակայաններ,1,0,24.099999999999994
2018-08-01,Հողմային էլեկտրակայաններ,1,0,23.799999999999994
2018-09-01,Հողմային էլեկտրակայաններ,1.1,0.10000000000000009,23.700000000000003
2018-10-01,Հողմային էլեկտրակայաններ,1.2,0.09999999999999987,23.400000000000002
2018-11-01,Հողմային էլեկտրակայաններ,1.3999999999999997,0.19999999999999973,23.200000000000003
2018-12-01,Հողմային էլեկտրակայաններ,1.8999999999999997,0.5,23
2019-01-01,Հողմային էլեկտրակայաններ,0.6,0.6,23.1
2019-02-01,Հողմային էլեկտրակայաններ,0.9,0.30000000000000004,23.400000000000002
2019-03-01,Հողմային էլեկտրակայաններ,1.2,0.29999999999999993,23.6
2019-04-01,Հողմային էլեկտրակայաններ,1.3999999999999997,0.19999999999999973,24.200000000000006
2019-05-01,Հողմային էլեկտրակայաններ,1.6,0.2000000000000004,24.900000000000006
2019-06-01,Հողմային էլեկտրակայաններ,1.8,0.19999999999999996,25.7
2019-07-01,Հողմային էլեկտրակայաններ,2,0.19999999999999996,26.700000000000003
2019-08-01,Հողմային էլեկտրակայաններ,2.3,0.2999999999999998,28.099999999999998
2019-09-01,Հողմային էլեկտրակայաններ,2.5,0.20000000000000018,29.5
2019-10-01,Հողմային էլեկտրակայաններ,2.6,0.10000000000000009,31.000000000000004
2019-11-01,Հողմային էլեկտրակայաններ,2.8999999999999995,0.2999999999999994,32.6
2019-12-01,Հողմային էլեկտրակայաններ,3.3,0.40000000000000036,34
2020-01-01,Հողմային էլեկտրակայաններ,0.5,0.5,35
2020-02-01,Հողմային էլեկտրակայաններ,0.7,0.19999999999999996,35.800000000000004
2020-03-01,Հողմային էլեկտրակայաններ,0.9,0.20000000000000007,36.5
2020-04-01,Հողմային էլեկտրակայաններ,1.1,0.20000000000000007,37
2020-05-01,Հողմային էլեկտրակայաններ,1.3,0.19999999999999996,37.400000000000006
2020-06-01,Հողմային էլեկտրակայաններ,1.3999999999999997,0.09999999999999964,37.6
2020-07-01,Հողմային էլեկտրակայաններ,1.5,0.10000000000000031,37.49999999999999
2020-08-01,Հողմային էլեկտրակայաններ,1.6,0.10000000000000009,36.9
2020-09-01,Հողմային էլեկտրակայաններ,1.6,0,35.99999999999999
2020-10-01,Հողմային էլեկտրակայաններ,1.7,0.09999999999999987,35.1
2020-11-01,Հողմային էլեկտրակայաններ,1.8,0.10000000000000009,33.900000000000006
2020-12-01,Հողմային էլեկտրակայաններ,1.8999999999999997,0.09999999999999964,32.5
2021-01-01,Հողմային էլեկտրակայաններ,0.2,0.2,30.9
2021-02-01,Հողմային էլեկտրակայաններ,0.4,0.2,29.4
2021-03-01,Հողմային էլեկտրակայաններ,0.5,0.09999999999999998,27.9
2021-04-01,Հողմային էլեկտրակայաններ,0.6,0.09999999999999998,26.299999999999997
2021-05-01,Հողմային էլեկտրակայաններ,0.7,0.09999999999999998,24.599999999999998
2021-06-01,Հողմային էլեկտրակայաններ,0.8,0.10000000000000009,23
2021-07-01,Հողմային էլեկտրակայաններ,0.9,0.09999999999999998,21.5
2021-08-01,Հողմային էլեկտրակայաններ,0.9,0,20.1
2021-09-01,Հողմային էլեկտրակայաններ,1,0.09999999999999998,19.000000000000004
2021-10-01,Հողմային էլեկտրակայաններ,1,0,17.8
2021-11-01,Հողմային էլեկտրակայաններ,1.1,0.10000000000000009,16.799999999999997
2021-12-01,Հողմային էլեկտրակայաններ,1.5,0.3999999999999999,16.4
2022-01-01,Հողմային էլեկտրակայաններ,0.5,0.5,16.599999999999998
2022-02-01,Հողմային էլեկտրակայաններ,0.8,0.30000000000000004,16.899999999999995
2022-03-01,Հողմային էլեկտրակայաններ,1,0.19999999999999996,17.4
2022-04-01,Հողմային էլեկտրակայաններ,1.1,0.10000000000000009,18
2022-05-01,Հողմային էլեկտրակայաններ,1.1,0,18.599999999999994
2022-06-01,Հողմային էլեկտրակայաններ,1.2,0.09999999999999987,19.199999999999996
2022-07-01,Հողմային էլեկտրակայաններ,1.2,0,19.7
2022-08-01,Հողմային էլեկտրակայաններ,1.3,0.10000000000000009,20.4
2022-09-01,Հողմային էլեկտրակայաններ,1.3,0,20.9
2022-10-01,Հողմային էլեկտրակայաններ,1.3999999999999997,0.09999999999999964,21.599999999999998
2022-11-01,Հողմային էլեկտրակայաններ,1.5,0.10000000000000031,22.299999999999997
2022-12-01,Հողմային էլեկտրակայաններ,1.8,0.30000000000000004,22.599999999999998
2023-01-01,Հողմային էլեկտրակայաններ,0.2,0.2,22.3
2023-02-01,Հողմային էլեկտրակայաններ,0.7,0.49999999999999994,22.1
2023-03-01,Հողմային էլեկտրակայաններ,0.9,0.20000000000000007,21.8
2023-04-01,Հողմային էլեկտրակայաններ,1.1,0.20000000000000007,21.6
2023-05-01,Հողմային էլեկտրակայաններ,1.2,0.09999999999999987,21.599999999999998
2023-06-01,Հողմային էլեկտրակայաններ,1.2,0,21.5
2023-07-01,Հողմային էլեկտրակայաններ,1.3,0.10000000000000009,21.599999999999998
2023-08-01,Հողմային էլեկտրակայաններ,1.3,0,21.499999999999996
2023-09-01,Հողմային էլեկտրակայաններ,1.3999999999999997,0.09999999999999964,21.599999999999998
2023-10-01,Հողմային էլեկտրակայաններ,1.6,0.2000000000000004,21.700000000000003
2014-11-01,Ջերմաէլեկտրակենտրոն (ՋԷԿ),2940.2,NA,NA
2014-12-01,Ջերմաէլեկտրակենտրոն (ՋԷԿ),3288.6,348.4000000000001,NA
2015-01-01,Ջերմաէլեկտրակենտրոն (ՋԷԿ),242,242,NA
2015-02-01,Ջերմաէլեկտրակենտրոն (ՋԷԿ),455.2,213.2,NA
2015-04-01,Ջերմաէլեկտրակենտրոն (ՋԷԿ),787,331.8,NA
2015-05-01,Ջերմաէլեկտրակենտրոն (ՋԷԿ),940.7,153.70000000000005,NA
2015-06-01,Ջերմաէլեկտրակենտրոն (ՋԷԿ),1079,138.29999999999995,NA
2015-07-01,Ջերմաէլեկտրակենտրոն (ՋԷԿ),1236.2,157.20000000000005,NA
2015-08-01,Ջերմաէլեկտրակենտրոն (ՋԷԿ),1484,247.79999999999995,NA
2015-11-01,Ջերմաէլեկտրակենտրոն (ՋԷԿ),2504.9,1020.9000000000001,NA
2015-12-01,Ջերմաէլեկտրակենտրոն (ՋԷԿ),2801.2,296.2999999999997,NA
2016-01-01,Ջերմաէլեկտրակենտրոն (ՋԷԿ),245.3,245.3,NA
2016-02-01,Ջերմաէլեկտրակենտրոն (ՋԷԿ),466.3999999999999,221.0999999999999,NA
2016-03-01,Ջերմաէլեկտրակենտրոն (ՋԷԿ),625,158.60000000000008,NA
2016-04-01,Ջերմաէլեկտրակենտրոն (ՋԷԿ),765.1,140.10000000000002,NA
2016-05-01,Ջերմաէլեկտրակենտրոն (ՋԷԿ),838.8,73.69999999999993,NA
2016-06-01,Ջերմաէլեկտրակենտրոն (ՋԷԿ),841.2,2.400000000000091,NA
2016-07-01,Ջերմաէլեկտրակենտրոն (ՋԷԿ),890.3,49.09999999999991,NA
2016-08-01,Ջերմաէլեկտրակենտրոն (ՋԷԿ),1058.8,168.5,NA
2016-09-01,Ջերմաէլեկտրակենտրոն (ՋԷԿ),1332.5,273.70000000000005,NA
2016-10-01,Ջերմաէլեկտրակենտրոն (ՋԷԿ),1778.9,446.4000000000001,NA
2016-11-01,Ջերմաէլեկտրակենտրոն (ՋԷԿ),2231.3,452.4000000000001,NA
2016-12-01,Ջերմաէլեկտրակենտրոն (ՋԷԿ),2581.5,350.1999999999998,NA
2017-01-01,Ջերմաէլեկտրակենտրոն (ՋԷԿ),353.1,353.1,35730.5
2017-02-01,Ջերմաէլեկտրակենտրոն (ՋԷԿ),657.5,304.4,34887.09999999999
2017-03-01,Ջերմաէլեկտրակենտրոն (ՋԷԿ),865,207.5,34282.399999999994
2017-04-01,Ջերմաէլեկտրակենտրոն (ՋԷԿ),960.6,95.60000000000002,33735.09999999999
2017-05-01,Ջերմաէլեկտրակենտրոն (ՋԷԿ),1165.9,205.30000000000007,33458.899999999994
2017-06-01,Ջերմաէլեկտրակենտրոն (ՋԷԿ),1438.3,272.39999999999986,33782.1
2017-07-01,Ջերմաէլեկտրակենտրոն (ՋԷԿ),1685.5,247.20000000000005,34407.99999999999
2017-08-01,Ջերմաէլեկտրակենտրոն (ՋԷԿ),1833.1,147.5999999999999,34982.799999999996
2017-09-01,Ջերմաէլեկտրակենտրոն (ՋԷԿ),2051.7,218.5999999999999,35385.99999999999
2017-10-01,Ջերմաէլեկտրակենտրոն (ՋԷԿ),2206.4,154.70000000000027,35298.899999999994
2017-11-01,Ջերմաէլեկտրակենտրոն (ՋԷԿ),2488,281.5999999999999,35609.49999999999
2017-12-01,Ջերմաէլեկտրակենտրոն (ՋԷԿ),2871.8,383.8000000000002,35899.8
2018-01-01,Ջերմաէլեկտրակենտրոն (ՋԷԿ),421.3999999999999,421.3999999999999,36150.6
2018-02-01,Ջերմաէլեկտրակենտրոն (ՋԷԿ),704.4,283.00000000000006,36296.7
2018-03-01,Ջերմաէլեկտրակենտրոն (ՋԷԿ),866.6,162.20000000000005,36348.6
2018-04-01,Ջերմաէլեկտրակենտրոն (ՋԷԿ),983.4,116.79999999999995,36466.2
2018-05-01,Ջերմաէլեկտրակենտրոն (ՋԷԿ),1131.6,148.19999999999993,36395.1
2018-06-01,Ջերմաէլեկտրակենտրոն (ՋԷԿ),1469.5,337.9000000000001,36119.5
2018-07-01,Ջերմաէլեկտրակենտրոն (ՋԷԿ),1874.2,404.70000000000005,35803.3
2018-08-01,Ջերմաէլեկտրակենտրոն (ՋԷԿ),2215.6,341.39999999999986,35701.8
2018-09-01,Ջերմաէլեկտրակենտրոն (ՋԷԿ),2509.7,294.0999999999999,35730.9
2018-10-01,Ջերմաէլեկտրակենտրոն (ՋԷԿ),2866.8,357.10000000000036,36254.1
2018-11-01,Ջերմաէլեկտրակենտրոն (ՋԷԿ),3179.6,312.7999999999997,36979.299999999996
2018-12-01,Ջերմաէլեկտրակենտրոն (ՋԷԿ),3375.6,196,37483.1
2019-01-01,Ջերմաէլեկտրակենտրոն (ՋԷԿ),164.4,164.4,37661.6
2019-02-01,Ջերմաէլեկտրակենտրոն (ՋԷԿ),343.2,178.79999999999998,37757.299999999996
2019-03-01,Ջերմաէլեկտրակենտրոն (ՋԷԿ),545.2,202.00000000000006,37938.1
2019-04-01,Ջերմաէլեկտրակենտրոն (ՋԷԿ),676.6,131.39999999999998,38112.299999999996
2019-05-01,Ջերմաէլեկտրակենտրոն (ՋԷԿ),719.2,42.60000000000002,38237.99999999999
2019-06-01,Ջերմաէլեկտրակենտրոն (ՋԷԿ),1089.5,370.29999999999995,38330.6
2019-07-01,Ջերմաէլեկտրակենտրոն (ՋԷԿ),1508.2,418.70000000000005,38279.7
2019-08-01,Ջերմաէլեկտրակենտրոն (ՋԷԿ),1994.2,486,38179.6
2019-09-01,Ջերմաէլեկտրակենտրոն (ՋԷԿ),2361.2,366.9999999999998,38076.899999999994
2019-10-01,Ջերմաէլեկտրակենտրոն (ՋԷԿ),2532.3,171.10000000000036,37585.8
2019-11-01,Ջերմաէլեկտրակենտրոն (ՋԷԿ),2724.1,191.79999999999973,36942.5
2019-12-01,Ջերմաէլեկտրակենտրոն (ՋԷԿ),3046.9,322.8000000000002,36613.8
2020-01-01,Ջերմաէլեկտրակենտրոն (ՋԷԿ),301.8,301.8,36679.5
2020-02-01,Ջերմաէլեկտրակենտրոն (ՋԷԿ),700.9,399.09999999999997,37069.7
2020-03-01,Ջերմաէլեկտրակենտրոն (ՋԷԿ),917,216.10000000000002,37434.2
2020-04-01,Ջերմաէլեկտրակենտրոն (ՋԷԿ),1062.7,145.70000000000005,37798.399999999994
2020-05-01,Ջերմաէլեկտրակենտրոն (ՋԷԿ),1072.2,9.5,38235.1
2020-06-01,Ջերմաէլեկտրակենտրոն (ՋԷԿ),1175.9,103.70000000000005,38372.799999999996
2020-07-01,Ջերմաէլեկտրակենտրոն (ՋԷԿ),1645.5,469.5999999999999,38547.399999999994
2020-08-01,Ջերմաէլեկտրակենտրոն (ՋԷԿ),2079.6,434.0999999999999,38525.5
2020-09-01,Ջերմաէլեկտրակենտրոն (ՋԷԿ),2350.7,271.0999999999999,38334.799999999996
2020-10-01,Ջերմաէլեկտրակենտրոն (ՋԷԿ),2605.6,254.9000000000001,38413.899999999994
2020-11-01,Ջերմաէլեկտրակենտրոն (ՋԷԿ),2854,248.4000000000001,38670.600000000006
2020-12-01,Ջերմաէլեկտրակենտրոն (ՋԷԿ),3165.5,311.5,38789.200000000004
2021-01-01,Ջերմաէլեկտրակենտրոն (ՋԷԿ),327.2,327.2,38795.8
2021-02-01,Ջերմաէլեկտրակենտրոն (ՋԷԿ),573.8,246.59999999999997,38429.6
2021-03-01,Ջերմաէլեկտրակենտրոն (ՋԷԿ),844.7,270.9000000000001,38104.1
2021-04-01,Ջերմաէլեկտրակենտրոն (ՋԷԿ),943.1,98.39999999999998,37717
2021-05-01,Ջերմաէլեկտրակենտրոն (ՋԷԿ),1064.6,121.49999999999989,37475
2021-06-01,Ջերմաէլեկտրակենտրոն (ՋԷԿ),1289.3,224.70000000000005,37620.6
2021-07-01,Ջերմաէլեկտրակենտրոն (ՋԷԿ),1683.1,393.79999999999995,37639.5
2021-08-01,Ջերմաէլեկտրակենտրոն (ՋԷԿ),2051.5,368.4000000000001,37644.600000000006
2021-09-01,Ջերմաէլեկտրակենտրոն (ՋԷԿ),2437.9,386.4000000000001,37860.90000000001
2021-10-01,Ջերմաէլեկտրակենտրոն (ՋԷԿ),2750.9,313,38051.5
2021-11-01,Ջերմաէլեկտրակենտրոն (ՋԷԿ),3000,249.0999999999999,38186.2
2021-12-01,Ջերմաէլեկտրակենտրոն (ՋԷԿ),3383.7,383.6999999999998,38404.399999999994
2022-01-01,Ջերմաէլեկտրակենտրոն (ՋԷԿ),434.7,434.7,38704.7
2022-02-01,Ջերմաէլեկտրակենտրոն (ՋԷԿ),830.7,396.00000000000006,39306.9
2022-03-01,Ջերմաէլեկտրակենտրոն (ՋԷԿ),1185.8,355.0999999999999,39938.50000000001
2022-04-01,Ջերմաէլեկտրակենտրոն (ՋԷԿ),1463.6,277.79999999999995,40796.8
2022-05-01,Ջերմաէլեկտրակենտրոն (ՋԷԿ),1734.1,270.5,41692.1
2022-06-01,Ջերմաէլեկտրակենտրոն (ՋԷԿ),2021.7,287.60000000000014,42529.299999999996
2022-07-01,Ջերմաէլեկտրակենտրոն (ՋԷԿ),2247,225.29999999999995,43273.799999999996
2022-08-01,Ջերմաէլեկտրակենտրոն (ՋԷԿ),2520.2,273.1999999999998,43988.8
2022-09-01,Ջերմաէլեկտրակենտրոն (ՋԷԿ),2776.7,256.5,44458.6
2022-10-01,Ջերմաէլեկտրակենտրոն (ՋԷԿ),3033.2,256.5,44813.8
2022-11-01,Ջերմաէլեկտրակենտրոն (ՋԷԿ),3430,396.8000000000002,45315.99999999999
2022-12-01,Ջերմաէլեկտրակենտրոն (ՋԷԿ),3878.7,448.6999999999998,45810.99999999999
2023-01-01,Ջերմաէլեկտրակենտրոն (ՋԷԿ),431.2,431.2,46194.999999999985
2023-02-01,Ջերմաէլեկտրակենտրոն (ՋԷԿ),834.4,403.2,46436.799999999996
2023-03-01,Ջերմաէլեկտրակենտրոն (ՋԷԿ),1113.1,278.69999999999993,46518
2023-04-01,Ջերմաէլեկտրակենտրոն (ՋԷԿ),1238.9,125.80000000000018,46267.8
2023-05-01,Ջերմաէլեկտրակենտրոն (ՋԷԿ),1523.7,284.79999999999995,45882.899999999994
2023-06-01,Ջերմաէլեկտրակենտրոն (ՋԷԿ),1884.9,361.20000000000005,45508.700000000004
2023-07-01,Ջերմաէլեկտրակենտրոն (ՋԷԿ),2289.4,404.5,45482.2
2023-08-01,Ջերմաէլեկտրակենտրոն (ՋԷԿ),2670.4,381,45658.700000000004
2023-09-01,Ջերմաէլեկտրակենտրոն (ՋԷԿ),2870.4,200,45908.6
2023-10-01,Ջերմաէլեկտրակենտրոն (ՋԷԿ),3040.6,170.19999999999982,46128.7
2014-11-01,"Ջերմային էներգիա, հազ. ԳՋ",122.5,NA,NA
2014-12-01,"Ջերմային էներգիա, հազ. ԳՋ",144.9,22.400000000000006,NA
2015-01-01,"Ջերմային էներգիա, հազ. ԳՋ",31.6,31.6,NA
2015-02-01,"Ջերմային էներգիա, հազ. ԳՋ",53.30000000000001,21.70000000000001,NA
2015-04-01,"Ջերմային էներգիա, հազ. ԳՋ",70.1,16.799999999999983,NA
2015-05-01,"Ջերմային էներգիա, հազ. ԳՋ",70.1,0,NA
2015-06-01,"Ջերմային էներգիա, հազ. ԳՋ",70.1,0,NA
2015-07-01,"Ջերմային էներգիա, հազ. ԳՋ",70.1,0,NA
2015-08-01,"Ջերմային էներգիա, հազ. ԳՋ",70.1,0,NA
2015-11-01,"Ջերմային էներգիա, հազ. ԳՋ",70.1,0,NA
2015-12-01,"Ջերմային էներգիա, հազ. ԳՋ",160,89.9,NA
2016-01-01,"Ջերմային էներգիա, հազ. ԳՋ",28.2,28.2,NA
2016-02-01,"Ջերմային էներգիա, հազ. ԳՋ",51.30000000000001,23.100000000000012,NA
2016-03-01,"Ջերմային էներգիա, հազ. ԳՋ",51.30000000000001,0,NA
2016-04-01,"Ջերմային էներգիա, հազ. ԳՋ",51.30000000000001,0,NA
2016-05-01,"Ջերմային էներգիա, հազ. ԳՋ",51.30000000000001,0,NA
2016-06-01,"Ջերմային էներգիա, հազ. ԳՋ",51.30000000000001,0,NA
2016-07-01,"Ջերմային էներգիա, հազ. ԳՋ",51.30000000000001,0,NA
2016-08-01,"Ջերմային էներգիա, հազ. ԳՋ",51.30000000000001,0,NA
2016-09-01,"Ջերմային էներգիա, հազ. ԳՋ",51.30000000000001,0,NA
2016-10-01,"Ջերմային էներգիա, հազ. ԳՋ",53.5,2.1999999999999886,NA
2016-11-01,"Ջերմային էներգիա, հազ. ԳՋ",65.2,11.700000000000003,NA
2016-12-01,"Ջերմային էներգիա, հազ. ԳՋ",34.30000000000001,-30.89999999999999,NA
2017-01-01,"Ջերմային էներգիա, հազ. ԳՋ",31.2,31.2,1717.6000000000004
2017-02-01,"Ջերմային էներգիա, հազ. ԳՋ",59.2,28.000000000000004,1526.1000000000001
2017-03-01,"Ջերմային էներգիա, հազ. ԳՋ",64.2,5,1362.0000000000005
2017-04-01,"Ջերմային էներգիա, հազ. ԳՋ",64.2,0,1229.5000000000002
2017-05-01,"Ջերմային էներգիա, հազ. ԳՋ",64.2,0,1118.7000000000003
2017-06-01,"Ջերմային էներգիա, հազ. ԳՋ",64.2,0,1024.7000000000003
2017-07-01,"Ջերմային էներգիա, հազ. ԳՋ",64.2,0,930.7000000000003
2017-08-01,"Ջերմային էներգիա, հազ. ԳՋ",19.9,-44.300000000000004,792.4000000000003
2017-09-01,"Ջերմային էներգիա, հազ. ԳՋ",64.2,44.300000000000004,698.4000000000001
2017-10-01,"Ջերմային էներգիա, հազ. ԳՋ",64.2,0,600
2017-11-01,"Ջերմային էներգիա, հազ. ԳՋ",24.3,-39.900000000000006,438.29999999999995
2017-12-01,"Ջերմային էներգիա, հազ. ԳՋ",30.6,6.300000000000001,434.6
2018-01-01,"Ջերմային էներգիա, հազ. ԳՋ",5.8,5.8,402.49999999999994
2018-02-01,"Ջերմային էներգիա, հազ. ԳՋ",12,6.2,343.7
2018-03-01,"Ջերմային էներգիա, հազ. ԳՋ",20,8,282.90000000000003
2018-04-01,"Ջերմային էներգիա, հազ. ԳՋ",21.4,1.3999999999999986,223.50000000000003
2018-05-01,"Ջերմային էներգիա, հազ. ԳՋ",22.8,1.4000000000000021,165.49999999999997
2018-06-01,"Ջերմային էներգիա, հազ. ԳՋ",24,1.1999999999999993,108.69999999999997
2018-07-01,"Ջերմային էներգիա, հազ. ԳՋ",24.9,0.8999999999999986,52.79999999999995
2018-08-01,"Ջերմային էներգիա, հազ. ԳՋ",25.9,1,86.49999999999994
2018-09-01,"Ջերմային էներգիա, հազ. ԳՋ",26.8,0.9000000000000021,32.49999999999996
2018-10-01,"Ջերմային էներգիա, հազ. ԳՋ",28.1,1.3000000000000007,-18.00000000000006
2018-11-01,"Ջերմային էներգիա, հազ. ԳՋ",34.80000000000001,6.70000000000001,29.69999999999995
2018-12-01,"Ջերմային էներգիա, հազ. ԳՋ",40.1,5.29999999999999,39.19999999999994
2019-01-01,"Ջերմային էներգիա, հազ. ԳՋ",3.7,3.7,71.99999999999994
2019-02-01,"Ջերմային էներգիա, հազ. ԳՋ",7.6,3.8999999999999995,124.29999999999997
2019-03-01,"Ջերմային էներգիա, հազ. ԳՋ",11.1,3.5,169.09999999999997
2019-04-01,"Ջերմային էներգիա, հազ. ԳՋ",12.300000000000002,1.2000000000000028,212.29999999999995
2019-05-01,"Ջերմային էներգիա, հազ. ԳՋ",13.800000000000002,1.5,254.19999999999996
2019-06-01,"Ջերմային էներգիա, հազ. ԳՋ",15.2,1.3999999999999968,295.1
2019-07-01,"Ջերմային էներգիա, հազ. ԳՋ",16.6,1.4000000000000021,335.6
2019-08-01,"Ջերմային էներգիա, հազ. ԳՋ",17.9,1.2999999999999972,331.1
2019-09-01,"Ջերմային էներգիա, հազ. ԳՋ",19,1.1000000000000014,370.20000000000005
2019-10-01,"Ջերմային էներգիա, հազ. ԳՋ",20.1,1.1000000000000014,407.80000000000007
2019-11-01,"Ջերմային էներգիա, հազ. ԳՋ",23.3,3.1999999999999993,395.3
2019-12-01,"Ջերմային էներգիա, հազ. ԳՋ",27.4,4.099999999999998,382.6
2020-01-01,"Ջերմային էներգիա, հազ. ԳՋ",4.7,4.7,372.99999999999994
2020-02-01,"Ջերմային էներգիա, հազ. ԳՋ",9.9,5.2,366.99999999999994
2020-03-01,"Ջերմային էներգիա, հազ. ԳՋ",15.1,5.199999999999999,367.19999999999993
2020-04-01,"Ջերմային էներգիա, հազ. ԳՋ",16.8,1.700000000000001,368.09999999999997
2020-05-01,"Ջերմային էներգիա, հազ. ԳՋ",18.4,1.5999999999999979,369
2020-06-01,"Ջերմային էներգիա, հազ. ԳՋ",22,3.6000000000000014,371.9
2020-07-01,"Ջերմային էներգիա, հազ. ԳՋ",26.3,4.300000000000001,377.19999999999993
2020-08-01,"Ջերմային էներգիա, հազ. ԳՋ",29.6,3.3000000000000007,384.20000000000005
2020-09-01,"Ջերմային էներգիա, հազ. ԳՋ",29.6,0,389.9
2020-10-01,"Ջերմային էներգիա, հազ. ԳՋ",29.6,0,394.69999999999993
2020-11-01,"Ջերմային էներգիա, հազ. ԳՋ",32.6,3,402.79999999999995
2020-12-01,"Ջերմային էներգիա, հազ. ԳՋ",37.5,4.899999999999999,412.8999999999999
2021-01-01,"Ջերմային էներգիա, հազ. ԳՋ",5.4,5.4,422.69999999999993
2021-02-01,"Ջերմային էներգիա, հազ. ԳՋ",9.7,4.299999999999999,430.29999999999995
2021-03-01,"Ջերմային էներգիա, հազ. ԳՋ",11.300000000000002,1.6000000000000032,432.59999999999997
2021-04-01,"Ջերմային էներգիա, հազ. ԳՋ",11.300000000000002,0,432.69999999999993
2021-05-01,"Ջերմային էներգիա, հազ. ԳՋ",11.300000000000002,0,431.0999999999999
2021-06-01,"Ջերմային էներգիա, հազ. ԳՋ",11.300000000000002,0,423.69999999999993
2021-07-01,"Ջերմային էներգիա, հազ. ԳՋ",11.300000000000002,0,409.09999999999997
2021-08-01,"Ջերմային էներգիա, հազ. ԳՋ",11.300000000000002,0,389.2
2021-09-01,"Ջերմային էներգիա, հազ. ԳՋ",11.300000000000002,0,370.4
2021-10-01,"Ջերմային էներգիա, հազ. ԳՋ",11.300000000000002,0,352.69999999999993
2021-11-01,"Ջերմային էներգիա, հազ. ԳՋ",11.300000000000002,0,332.2
2021-12-01,"Ջերմային էներգիա, հազ. ԳՋ",11.300000000000002,0,306
2022-01-01,"Ջերմային էներգիա, հազ. ԳՋ",0,0,273.7
2022-02-01,"Ջերմային էներգիա, հազ. ԳՋ",0,0,238
2022-03-01,"Ջերմային էներգիա, հազ. ԳՋ",0,0,204.3
2022-04-01,"Ջերմային էներգիա, հազ. ԳՋ",0,0,172.3
2022-05-01,"Ջերմային էներգիա, հազ. ԳՋ",NA,NA,NA
2022-06-01,"Ջերմային էներգիա, հազ. ԳՋ",NA,NA,NA
2022-07-01,"Ջերմային էներգիա, հազ. ԳՋ",NA,NA,NA
2022-08-01,"Ջերմային էներգիա, հազ. ԳՋ",NA,NA,NA
2022-09-01,"Ջերմային էներգիա, հազ. ԳՋ",NA,NA,NA
2022-10-01,"Ջերմային էներգիա, հազ. ԳՋ",NA,NA,NA
2022-11-01,"Ջերմային էներգիա, հազ. ԳՋ",NA,NA,NA
2022-12-01,"Ջերմային էներգիա, հազ. ԳՋ",NA,NA,NA
2023-01-01,"Ջերմային էներգիա, հազ. ԳՋ",NA,NA,NA
2023-02-01,"Ջերմային էներգիա, հազ. ԳՋ",NA,NA,NA
2023-03-01,"Ջերմային էներգիա, հազ. ԳՋ",NA,NA,NA
2023-04-01,"Ջերմային էներգիա, հազ. ԳՋ",NA,NA,NA
2023-05-01,"Ջերմային էներգիա, հազ. ԳՋ",NA,NA,NA
2023-06-01,"Ջերմային էներգիա, հազ. ԳՋ",NA,NA,NA
2023-07-01,"Ջերմային էներգիա, հազ. ԳՋ",NA,NA,NA
2023-08-01,"Ջերմային էներգիա, հազ. ԳՋ",NA,NA,NA
2023-09-01,"Ջերմային էներգիա, հազ. ԳՋ",NA,NA,NA
2023-10-01,"Ջերմային էներգիա, հազ. ԳՋ",NA,NA,NA
